date,product_id,product_name,region,unit_price,quantity
2023-01-23,5,Product E,West,56.32,18
2022-11-03,9,Product I,South,30.19,9
2022-05-13,4,Product D,West,35.21,15
2022-12-14,7,Product G,North,88.09,2
2022-05-05,7,Product G,West,70.56,20
2022-12-27,10,Product J,South,42.66,20
2022-09-22,2,Product B,East,75.57,6
2022-07-07,5,Product E,South,63.55,8
2022-05-06,2,Product B,South,70.96,17
2022-12-20,6,Product F,South,85.03,8
2022-05-29,1,Product A,East,53.87,12
2022-08-21,2,Product B,East,98.16,8
2022-09-16,5,Product E,South,19.34,19
2023-03-09,7,Product G,West,76.62,17
2023-01-04,2,Product B,East,38.26,9
2022-05-03,1,Product A,East,92.46,2
2022-11-21,5,Product E,South,68.33,17
2023-02-23,1,Product A,North,34.34,20
2022-11-15,6,Product F,South,60.26,15
2023-04-01,7,Product G,West,79.88,16
2022-05-31,6,Product F,West,47.51,18
2022-10-26,7,Product G,East,87.22,13
2022-08-28,7,Product G,South,67.51,20
2023-03-28,9,Product I,South,30.74,4
2022-05-01,6,Product F,West,82.82,16
2022-07-04,9,Product I,West,92.99,17
2022-11-26,1,Product A,West,76.83,8
2022-11-04,5,Product E,East,42.85,13
2023-02-27,8,Product H,West,74.46,4
2022-08-04,2,Product B,West,23.88,4
2022-07-10,7,Product G,North,47.49,4
2022-05-09,1,Product A,East,38.15,10
2022-07-15,2,Product B,North,54.46,12
2022-05-02,10,Product J,East,63.22,13
2022-08-16,9,Product I,East,48.08,13
2022-06-28,2,Product B,West,80.2,4
2022-06-11,8,Product H,North,45.76,14
2022-09-05,8,Product H,West,12.2,12
2022-05-07,5,Product E,West,91.85,17
2023-02-17,8,Product H,West,49.82,14
2022-12-06,2,Product B,West,69.94,7
2022-12-02,10,Product J,West,14.83,13
2022-07-17,2,Product B,West,32.57,16
2022-11-18,1,Product A,East,34.39,2
2023-02-24,4,Product D,South,83.77,9
2022-05-02,8,Product H,East,29.29,4
2023-03-07,1,Product A,South,18.9,17
2023-02-13,1,Product A,North,26.06,9
2022-11-07,2,Product B,North,69.73,15
2023-03-22,7,Product G,East,10.91,17
2022-09-20,9,Product I,West,48.44,11
2023-01-25,7,Product G,East,83.87,12
2022-11-23,5,Product E,West,87.78,5
2022-10-16,9,Product I,North,15.88,19
2023-01-25,8,Product H,East,70.37,14
2022-10-06,8,Product H,North,59.29,19
2022-12-31,2,Product B,West,79.82,5
2022-10-27,2,Product B,North,53.69,5
2022-05-04,7,Product G,South,76.8,5
2022-09-03,3,Product C,West,99.97,6
2022-05-30,3,Product C,East,54.29,15
2022-07-09,5,Product E,West,65.41,3
2023-01-12,3,Product C,North,60.46,19
2022-11-03,9,Product I,South,63.76,7
2023-03-16,1,Product A,East,45.93,15
2023-03-01,8,Product H,East,26.53,20
2022-12-28,1,Product A,West,20.7,1
2022-06-20,7,Product G,East,12.35,7
2022-12-24,5,Product E,South,56.38,5
2022-11-25,8,Product H,South,79.22,6
2022-09-03,9,Product I,North,95.49,6
2022-09-16,5,Product E,East,39.7,19
2022-05-17,4,Product D,West,74.84,4
2022-09-04,8,Product H,North,55.36,10
2022-06-28,6,Product F,East,19.99,4
2022-06-16,1,Product A,North,92.23,18
2022-09-08,3,Product C,North,84.17,10
2022-08-11,4,Product D,North,29.98,18
2022-11-05,9,Product I,South,65.25,10
2022-06-14,3,Product C,East,70.11,17
2023-01-27,8,Product H,West,15.75,2
2022-09-28,1,Product A,East,59.73,9
2022-12-16,8,Product H,East,73.07,12
2022-05-12,2,Product B,South,93.99,13
2022-11-10,7,Product G,East,71.38,3
2022-11-17,7,Product G,West,74.33,1
2022-06-20,3,Product C,West,99.05,5
2022-12-21,6,Product F,West,75.64,9
2022-11-11,6,Product F,West,72.33,17
2022-06-30,4,Product D,South,26.07,11
2022-05-03,4,Product D,West,49.48,10
2023-01-06,4,Product D,North,22.19,3
2023-04-12,8,Product H,South,29.77,18
2023-02-21,9,Product I,South,81.4,12
2023-04-02,10,Product J,West,32.67,9
2023-02-21,4,Product D,North,83.47,6
2022-07-07,4,Product D,East,77.17,3
2022-12-10,7,Product G,East,53.12,10
2023-04-05,9,Product I,North,36.73,14
2022-12-28,10,Product J,South,81.94,17
2023-03-08,2,Product B,West,31.35,11
2023-03-11,1,Product A,West,17.42,10
2022-09-18,4,Product D,West,94.15,1
2022-04-25,4,Product D,North,23.87,3
2022-10-10,1,Product A,North,36.26,10
2022-04-20,1,Product A,East,73.43,20
2023-03-11,4,Product D,East,78.54,19
2022-08-09,8,Product H,South,25.71,1
2023-02-01,2,Product B,East,10.91,11
2022-11-06,7,Product G,West,99.19,11
2023-02-24,4,Product D,East,55.59,4
2022-11-21,3,Product C,East,19.42,18
2022-10-27,10,Product J,North,36.93,19
2022-12-23,1,Product A,East,69.98,17
2022-11-03,9,Product I,East,92.94,9
2022-09-17,8,Product H,East,84.52,18
2022-08-27,6,Product F,West,68.99,6
2023-03-28,2,Product B,East,77.03,19
2022-06-30,2,Product B,East,40.79,7
2022-07-11,3,Product C,West,21.49,5
2022-09-11,5,Product E,East,96.58,17
2022-11-21,8,Product H,East,73.87,8
2022-05-08,5,Product E,North,62.77,10
2022-12-02,8,Product H,South,87.02,15
2023-02-03,7,Product G,East,31.62,5
2022-10-07,9,Product I,North,57.22,3
2022-05-01,3,Product C,East,70.58,7
2023-02-05,9,Product I,East,93.42,2
2022-11-28,2,Product B,East,89.86,14
2022-11-17,1,Product A,East,19.31,20
2022-07-04,6,Product F,East,58.31,11
2023-02-24,1,Product A,South,70.83,14
2023-02-25,3,Product C,East,33.18,16
2023-02-19,4,Product D,North,50.98,1
2022-09-11,8,Product H,West,33.05,5
2022-10-03,4,Product D,West,97.81,6
2022-04-15,10,Product J,East,30.13,6
2022-08-22,6,Product F,North,84.06,13
2022-07-14,2,Product B,West,43.07,16
2023-03-13,9,Product I,North,62.14,19
2022-06-12,3,Product C,West,38.33,10
2022-11-15,5,Product E,East,31.09,15
2023-03-13,4,Product D,West,37.27,7
2022-07-06,10,Product J,West,53.7,20
2022-09-07,4,Product D,North,50.81,2
2023-03-18,8,Product H,East,63.26,12
2022-11-16,1,Product A,West,36.88,17
2023-02-06,5,Product E,East,59.15,8
2023-04-11,10,Product J,South,68.02,18
2022-09-25,1,Product A,East,38.73,6
2022-07-29,8,Product H,South,25.51,14
2023-03-15,10,Product J,North,54.07,7
2022-05-23,6,Product F,West,17.28,6
2022-11-23,7,Product G,East,89.46,17
2022-06-02,7,Product G,East,11.35,6
2022-08-27,4,Product D,East,44.6,1
2022-09-11,2,Product B,East,42.84,14
2022-11-22,7,Product G,West,78.47,13
2023-02-17,9,Product I,North,18.04,15
2022-07-01,4,Product D,East,67.91,20
2023-03-09,2,Product B,North,72.81,7
2023-02-24,8,Product H,West,91.15,8
2022-06-06,3,Product C,East,88.84,3
2023-02-12,4,Product D,North,92.52,3
2022-05-25,9,Product I,South,45.84,11
2022-05-06,8,Product H,North,62.67,17
2023-02-24,5,Product E,East,40.56,6
2022-11-14,7,Product G,South,21.43,14
2022-12-20,8,Product H,West,82.61,12
2022-10-24,10,Product J,East,43.32,11
2022-11-29,9,Product I,West,79.13,20
2022-04-30,6,Product F,West,29.69,8
2023-03-28,8,Product H,South,89.26,15
2023-01-21,10,Product J,West,11.73,13
2022-04-13,6,Product F,North,48.4,18
2022-08-06,5,Product E,North,50.93,19
2022-11-12,7,Product G,West,30.0,5
2023-03-21,9,Product I,North,58.16,11
2022-12-04,9,Product I,East,20.24,19
2022-11-22,9,Product I,East,35.56,11
2022-07-18,7,Product G,West,48.77,17
2022-04-26,5,Product E,North,18.63,16
2022-05-18,7,Product G,North,43.4,16
2023-02-14,4,Product D,South,19.89,17
2023-03-24,5,Product E,East,18.42,14
2022-07-20,6,Product F,West,33.1,13
2023-01-30,8,Product H,East,96.88,19
2022-12-07,1,Product A,North,33.46,1
2023-01-06,10,Product J,West,72.41,16
2022-05-10,6,Product F,East,35.77,7
2022-05-07,6,Product F,North,27.08,12
2022-11-18,1,Product A,South,70.86,1
2022-12-09,8,Product H,West,39.98,1
2022-06-25,6,Product F,East,46.3,19
2022-05-19,4,Product D,East,91.46,10
2022-08-14,5,Product E,North,44.86,11
2022-09-17,7,Product G,West,46.84,3
2022-05-23,10,Product J,South,81.68,19
2022-05-28,6,Product F,North,50.33,20
2022-10-22,6,Product F,West,28.47,5
2022-08-19,2,Product B,West,92.84,14
2022-07-09,2,Product B,East,76.6,12
2022-06-27,4,Product D,West,96.18,17
2022-11-06,7,Product G,West,89.56,9
2022-10-04,4,Product D,South,17.96,11
2023-02-27,1,Product A,South,87.77,12
2023-04-05,7,Product G,East,79.62,16
2022-09-24,1,Product A,East,77.27,11
2022-07-23,10,Product J,South,67.54,17
2022-11-13,8,Product H,North,47.61,19
2022-05-13,10,Product J,South,12.43,9
2022-06-05,4,Product D,East,29.71,16
2022-11-16,8,Product H,East,56.52,5
2022-06-20,5,Product E,North,62.17,3
2022-07-15,1,Product A,East,19.96,9
2022-08-16,3,Product C,North,49.36,14
2023-03-28,6,Product F,South,20.31,14
2023-03-17,6,Product F,West,28.6,19
2023-01-20,6,Product F,West,39.74,1
2022-05-11,9,Product I,West,64.48,2
2022-10-23,10,Product J,West,50.97,10
2023-02-04,7,Product G,East,29.16,2
2022-10-04,4,Product D,South,79.64,8
2022-12-14,2,Product B,East,43.93,10
2023-02-04,6,Product F,South,97.8,4
2022-12-12,7,Product G,East,68.97,1
2023-01-11,2,Product B,South,70.9,11
2023-01-05,7,Product G,North,69.84,16
2022-09-06,6,Product F,South,79.01,5
2022-06-06,2,Product B,West,90.29,16
2023-04-01,2,Product B,West,74.08,10
2023-03-05,2,Product B,East,97.61,20
2022-06-27,10,Product J,South,64.67,6
2022-05-22,8,Product H,West,69.38,8
2022-12-09,9,Product I,North,73.58,5
2022-06-19,6,Product F,South,58.37,3
2022-07-02,10,Product J,South,78.37,5
2023-02-07,10,Product J,South,64.55,12
2022-09-30,6,Product F,East,48.46,7
2022-11-03,5,Product E,South,74.2,19
2022-10-24,5,Product E,East,13.38,6
2023-04-12,6,Product F,East,53.58,9
2022-08-19,7,Product G,East,75.7,18
2022-08-28,6,Product F,West,86.17,6
2023-01-12,5,Product E,West,42.71,5
2022-06-26,5,Product E,West,54.83,15
2022-12-31,6,Product F,North,22.27,19
2023-01-22,9,Product I,South,10.98,18
2022-05-25,2,Product B,West,36.71,18
2022-11-20,3,Product C,West,73.82,8
2022-09-30,3,Product C,West,48.91,9
2022-08-08,3,Product C,West,97.62,1
2022-04-13,5,Product E,South,20.05,12
2022-11-20,1,Product A,South,86.4,10
2023-01-31,5,Product E,South,82.32,13
2022-05-31,1,Product A,North,44.55,2
2023-01-06,1,Product A,East,79.59,9
2023-03-12,4,Product D,South,20.69,20
2022-08-25,4,Product D,West,76.93,10
2022-09-14,10,Product J,North,52.85,1
2023-01-30,5,Product E,West,89.31,11
2022-08-31,6,Product F,North,51.58,6
2023-02-06,5,Product E,West,45.25,2
2022-08-31,10,Product J,South,45.77,16
2023-01-29,8,Product H,North,97.13,15
2022-04-20,2,Product B,South,71.34,2
2022-10-31,2,Product B,East,40.84,13
2022-07-23,5,Product E,East,65.43,18
2022-08-26,10,Product J,North,30.04,12
2022-08-01,7,Product G,North,14.73,5
2022-10-08,8,Product H,East,73.67,19
2022-06-27,1,Product A,East,18.24,19
2022-11-12,7,Product G,East,90.72,17
2022-05-26,5,Product E,West,54.68,20
2022-10-14,6,Product F,East,20.2,18
2022-12-13,3,Product C,South,98.57,16
2023-02-24,9,Product I,South,39.09,18
2023-02-28,3,Product C,South,59.58,18
2022-05-12,2,Product B,North,96.12,5
2022-04-15,3,Product C,East,40.61,15
2023-04-08,4,Product D,South,41.47,2
2023-02-28,1,Product A,South,64.0,2
2022-08-21,9,Product I,North,27.49,7
2023-03-19,3,Product C,West,38.65,14
2022-06-29,1,Product A,West,57.05,7
2022-06-23,7,Product G,South,86.46,16
2023-01-11,2,Product B,West,48.84,8
2022-09-13,5,Product E,West,63.07,1
2022-07-29,9,Product I,South,87.33,10
2022-08-20,9,Product I,North,42.44,6
2022-08-02,4,Product D,East,19.79,6
2022-10-01,5,Product E,North,33.46,20
2022-06-04,3,Product C,North,79.99,1
2022-12-06,5,Product E,North,73.82,1
2023-01-10,2,Product B,West,14.66,8
2022-04-29,8,Product H,South,54.68,4
2022-09-30,9,Product I,East,34.11,4
2023-02-07,5,Product E,West,45.39,4
2023-01-26,10,Product J,North,72.48,9
2022-05-29,9,Product I,West,15.2,16
2023-01-28,3,Product C,East,38.98,4
2023-01-23,2,Product B,South,83.99,1
2022-11-09,8,Product H,North,66.66,3
2022-07-29,5,Product E,West,89.28,7
2023-02-19,10,Product J,South,24.66,5
2023-04-07,10,Product J,West,40.34,2
2023-02-15,1,Product A,South,84.27,1
2022-09-10,1,Product A,East,33.49,6
2023-02-04,3,Product C,East,82.62,13
2022-12-23,3,Product C,West,82.38,3
2022-12-18,9,Product I,North,42.07,2
2022-09-04,2,Product B,West,78.8,10
2022-04-21,7,Product G,South,53.33,12
2023-01-27,9,Product I,South,60.7,1
2022-07-31,8,Product H,South,26.8,3
2023-03-27,1,Product A,West,24.74,7
2022-08-15,3,Product C,West,53.96,1
2023-03-20,4,Product D,East,52.17,16
2022-10-14,3,Product C,North,14.63,13
2022-08-10,4,Product D,East,17.98,20
2022-11-15,9,Product I,East,10.14,12
2023-02-14,4,Product D,West,48.35,9
2022-05-13,8,Product H,West,44.67,1
2023-03-20,3,Product C,East,79.84,16
2023-04-02,6,Product F,North,51.41,16
2022-12-11,1,Product A,South,94.77,4
2022-12-06,7,Product G,East,98.65,18
2023-01-06,2,Product B,West,64.23,2
2022-12-14,6,Product F,North,11.11,15
2022-08-12,8,Product H,West,91.36,10
2022-08-15,7,Product G,South,24.47,19
2023-01-01,7,Product G,South,57.2,5
2022-10-24,6,Product F,West,46.11,14
2023-01-23,7,Product G,West,53.5,7
2022-09-10,4,Product D,West,45.62,14
2022-08-07,7,Product G,East,37.8,14
2022-05-16,9,Product I,West,52.9,6
2022-08-19,1,Product A,South,12.2,9
2022-11-08,7,Product G,North,37.31,12
2022-07-27,3,Product C,North,92.23,14
2023-03-15,7,Product G,East,24.49,7
2022-11-08,3,Product C,South,29.94,5
2022-11-25,10,Product J,North,99.45,12
2022-08-11,1,Product A,East,59.95,6
2023-02-14,9,Product I,South,86.95,16
2022-08-21,6,Product F,North,20.97,2
2023-04-10,1,Product A,South,44.33,12
2022-11-14,3,Product C,North,46.91,3
2023-04-09,6,Product F,South,79.19,6
2022-12-15,1,Product A,East,93.93,18
2023-01-02,7,Product G,East,97.27,2
2022-05-09,2,Product B,North,24.83,11
2023-01-20,6,Product F,West,13.89,1
2022-06-27,5,Product E,West,19.83,8
2022-11-29,2,Product B,East,40.68,19
2022-06-23,10,Product J,North,58.4,16
2023-04-04,4,Product D,East,28.44,20
2022-12-10,4,Product D,West,66.22,15
2022-09-05,7,Product G,South,68.08,17
2023-02-06,6,Product F,South,17.51,13
2023-02-13,8,Product H,South,26.28,17
2023-03-22,3,Product C,North,82.16,12
2023-03-02,2,Product B,North,50.16,3
2022-06-29,2,Product B,North,98.59,11
2022-09-11,5,Product E,East,20.23,3
2022-11-25,1,Product A,South,55.33,11
2022-07-20,4,Product D,East,97.06,2
2023-01-27,1,Product A,East,99.64,6
2022-07-12,2,Product B,East,55.04,15
2023-01-11,1,Product A,West,35.73,13
2022-09-25,10,Product J,East,27.61,17
2023-02-25,8,Product H,South,56.8,16
2022-08-27,1,Product A,South,20.59,3
2022-05-16,7,Product G,South,45.38,4
2022-06-01,10,Product J,North,12.19,7
2022-10-16,4,Product D,North,62.62,17
2023-02-25,1,Product A,South,49.84,5
2023-03-06,1,Product A,North,43.38,9
2022-08-31,2,Product B,East,86.66,15
2022-10-29,6,Product F,East,40.1,6
2022-06-13,9,Product I,North,87.68,4
2022-06-26,2,Product B,North,86.69,8
2022-08-13,1,Product A,East,27.83,11
2022-11-22,10,Product J,North,10.29,20
2022-11-05,5,Product E,North,24.53,2
2022-05-13,2,Product B,East,52.75,18
2022-09-29,2,Product B,West,39.23,20
2022-07-25,3,Product C,East,63.03,11
2022-10-16,1,Product A,South,58.15,1
2022-06-16,7,Product G,East,98.6,12
2022-07-16,2,Product B,East,41.2,19
2023-02-09,5,Product E,East,60.49,18
2023-02-24,6,Product F,North,57.63,12
2022-09-11,4,Product D,North,11.27,9
2022-07-22,4,Product D,North,60.77,5
2022-04-23,4,Product D,East,37.04,6
2023-02-22,9,Product I,West,81.07,9
2023-04-08,9,Product I,North,49.04,9
2022-07-11,7,Product G,West,79.99,11
2023-02-01,4,Product D,North,10.54,10
2022-04-18,10,Product J,East,94.03,12
2022-05-21,8,Product H,South,47.86,5
2023-03-03,1,Product A,North,28.87,10
2022-04-28,8,Product H,North,11.68,17
2022-08-02,9,Product I,East,57.65,10
2022-07-10,2,Product B,South,44.11,6
2022-12-16,10,Product J,South,88.3,2
2023-01-03,6,Product F,South,37.4,20
2022-11-20,6,Product F,North,47.4,7
2022-09-13,8,Product H,West,32.28,4
2023-03-12,9,Product I,South,73.32,7
2022-11-29,10,Product J,North,27.94,18
2023-03-09,10,Product J,North,86.14,19
2023-01-20,5,Product E,South,15.02,4
2022-09-06,1,Product A,North,24.49,5
2022-12-09,5,Product E,East,55.41,8
2023-03-03,3,Product C,West,37.76,5
2022-05-01,10,Product J,West,89.83,6
2022-07-13,10,Product J,East,65.16,3
2022-12-13,3,Product C,North,80.23,14
2023-02-03,8,Product H,North,38.0,17
2022-11-11,3,Product C,East,99.39,6
2022-05-03,8,Product H,West,78.48,3
2023-02-17,6,Product F,North,54.92,7
2023-02-24,10,Product J,North,39.77,16
2022-08-04,7,Product G,West,55.99,10
2023-04-08,3,Product C,East,40.03,14
2022-05-01,2,Product B,North,55.87,18
2022-06-08,9,Product I,West,35.73,15
2022-10-18,2,Product B,East,46.16,3
2022-10-28,3,Product C,East,48.84,13
2022-07-19,5,Product E,North,93.59,7
2022-08-02,2,Product B,South,68.1,17
2022-08-21,5,Product E,South,30.4,9
2022-08-15,6,Product F,West,42.58,13
2022-05-06,6,Product F,West,97.93,17
2023-01-01,7,Product G,West,95.56,2
2023-02-25,1,Product A,North,59.85,11
2022-11-14,8,Product H,East,44.77,12
2023-04-03,3,Product C,West,20.11,17
2023-03-18,1,Product A,South,96.89,20
2022-11-22,5,Product E,South,49.91,17
2022-11-14,1,Product A,East,54.36,9
2023-03-30,6,Product F,North,89.22,19
2022-06-10,2,Product B,West,17.63,4
2023-01-19,2,Product B,South,87.93,3
2022-08-12,9,Product I,West,36.23,6
2023-02-05,5,Product E,East,26.18,20
2022-07-15,7,Product G,West,10.78,10
2023-02-13,9,Product I,North,58.53,17
2023-01-11,6,Product F,South,18.6,9
2023-04-04,5,Product E,West,89.32,13
2023-03-14,4,Product D,South,94.69,17
2022-06-10,9,Product I,South,78.25,4
2022-09-04,1,Product A,South,32.09,15
2022-11-06,7,Product G,East,38.83,8
2023-02-04,7,Product G,West,64.61,3
2023-04-03,1,Product A,North,55.05,20
2022-09-19,3,Product C,West,53.6,4
2022-06-09,2,Product B,South,66.64,19
2022-07-07,3,Product C,East,89.22,15
2022-05-18,6,Product F,East,46.84,13
2022-05-19,10,Product J,North,82.15,4
2022-12-10,3,Product C,East,41.49,1
2022-05-28,7,Product G,South,74.6,13
2022-06-17,4,Product D,West,83.84,10
2022-10-03,9,Product I,West,29.11,12
2022-12-04,10,Product J,South,57.17,3
2022-11-07,8,Product H,West,86.17,2
2022-05-29,4,Product D,South,56.74,15
2023-02-26,7,Product G,East,88.24,1
2022-12-11,6,Product F,North,23.6,8
2022-06-12,9,Product I,South,38.56,1
2022-07-18,4,Product D,South,40.83,18
2022-11-19,2,Product B,West,29.43,15
2022-05-18,3,Product C,North,90.7,5
2022-06-03,4,Product D,South,21.41,1
2022-11-08,6,Product F,West,77.58,3
2022-10-09,4,Product D,East,50.43,2
2023-01-25,2,Product B,South,79.0,7
2022-05-08,8,Product H,West,19.81,14
2022-09-07,2,Product B,East,97.49,20
2022-07-31,5,Product E,South,38.12,2
2022-09-25,2,Product B,West,47.81,17
2022-09-18,1,Product A,North,19.47,16
2022-09-07,8,Product H,East,20.65,14
2022-05-25,6,Product F,West,93.2,16
2022-09-10,3,Product C,North,75.02,18
2022-05-09,2,Product B,East,46.19,14
2023-01-13,8,Product H,South,53.29,13
2022-05-05,6,Product F,East,16.46,15
2023-02-21,8,Product H,South,65.74,11
2022-05-12,1,Product A,South,15.81,8
2022-07-10,10,Product J,East,80.56,5
2022-05-02,5,Product E,North,22.9,17
2022-08-30,5,Product E,South,82.79,2
2022-12-26,10,Product J,East,18.49,10
2023-03-15,7,Product G,West,20.53,3
2022-10-27,9,Product I,North,94.92,7
2022-11-14,4,Product D,North,47.0,13
2022-07-30,9,Product I,North,65.3,14
2022-06-16,3,Product C,East,68.19,20
2022-09-26,7,Product G,East,69.73,8
2022-06-26,2,Product B,East,98.05,12
2023-02-28,1,Product A,East,21.79,13
2022-07-07,7,Product G,East,66.6,11
2022-12-19,6,Product F,West,83.88,12
2022-06-26,6,Product F,West,17.24,19
2022-09-02,5,Product E,West,55.24,2
2022-09-03,7,Product G,West,85.67,15
2022-06-20,3,Product C,East,79.62,20
2022-06-04,6,Product F,West,66.22,6
2022-04-19,6,Product F,West,18.94,2
2023-02-11,3,Product C,West,23.62,2
2022-09-21,6,Product F,East,71.42,18
2022-08-04,10,Product J,South,86.07,10
2023-01-20,6,Product F,North,26.17,13
2023-02-23,5,Product E,North,30.29,13
2023-03-07,6,Product F,South,79.02,17
2023-01-16,4,Product D,North,94.4,19
2022-11-12,7,Product G,North,53.34,15
2023-04-05,6,Product F,West,97.99,11
2022-05-30,5,Product E,South,47.25,5
2022-12-05,1,Product A,South,16.08,19
2023-03-14,2,Product B,North,12.58,10
2022-09-03,9,Product I,North,53.33,15
2022-05-18,5,Product E,South,36.01,14
2023-03-06,7,Product G,North,73.45,20
2022-10-17,6,Product F,North,73.61,3
2023-03-03,3,Product C,West,90.09,10
2023-01-11,3,Product C,South,32.62,4
2022-12-26,3,Product C,North,57.93,17
2023-03-28,2,Product B,East,19.16,6
2023-01-07,5,Product E,West,53.68,8
2022-06-02,9,Product I,West,58.12,6
2022-04-26,6,Product F,North,51.36,2
2022-09-11,1,Product A,West,37.91,19
2022-06-01,4,Product D,South,37.17,9
2022-07-23,6,Product F,South,75.62,18
2022-12-09,2,Product B,West,86.4,11
2023-02-21,2,Product B,South,56.3,16
2022-09-17,8,Product H,South,61.31,20
2022-06-16,5,Product E,South,49.27,10
2022-09-06,7,Product G,North,35.13,1
2023-03-04,3,Product C,South,65.02,11
2022-05-22,5,Product E,East,78.64,7
2023-01-20,8,Product H,West,32.02,12
2022-11-13,4,Product D,South,48.59,12
2022-08-19,6,Product F,South,55.08,3
2022-07-24,4,Product D,South,45.63,14
2022-06-06,9,Product I,West,21.92,13
2022-09-13,8,Product H,West,54.35,16
2023-03-06,7,Product G,West,82.2,4
2022-12-03,7,Product G,South,37.92,11
2022-10-21,8,Product H,West,16.55,10
2023-03-12,7,Product G,South,80.82,2
2022-12-27,4,Product D,North,44.26,17
2022-08-11,2,Product B,East,30.53,6
2022-06-28,3,Product C,South,42.9,19
2023-03-21,1,Product A,South,68.93,4
2022-12-22,8,Product H,West,27.96,10
2022-08-05,4,Product D,North,59.03,16
2022-06-12,6,Product F,South,65.26,15
2022-11-06,6,Product F,South,66.46,20
2022-04-20,4,Product D,South,37.49,15
2022-05-30,7,Product G,North,25.08,14
2022-09-07,4,Product D,North,74.51,20
2022-06-30,2,Product B,East,35.66,17
2023-01-24,6,Product F,North,53.99,19
2023-03-01,4,Product D,East,17.55,17
2022-09-28,2,Product B,West,49.57,5
2022-08-09,2,Product B,North,63.05,12
2022-06-10,4,Product D,South,59.14,18
2022-11-08,5,Product E,East,29.95,19
2022-12-19,10,Product J,East,91.12,16
2022-06-06,3,Product C,East,99.03,13
2023-03-13,9,Product I,West,64.49,14
2022-07-24,7,Product G,South,55.21,12
2022-11-05,4,Product D,South,45.1,15
2022-08-15,6,Product F,West,71.05,19
2022-09-07,4,Product D,North,10.86,14
2022-12-03,5,Product E,South,72.69,18
2022-07-30,7,Product G,West,20.26,3
2022-05-03,7,Product G,North,85.02,16
2022-05-10,10,Product J,West,98.65,3
2022-05-23,1,Product A,South,93.34,5
2023-03-17,6,Product F,East,21.15,1
2022-08-08,6,Product F,West,36.09,16
2022-04-21,1,Product A,North,96.88,18
2022-04-21,3,Product C,South,25.5,13
2022-05-11,10,Product J,North,28.07,20
2022-07-09,7,Product G,North,87.29,15
2022-08-08,10,Product J,North,98.59,6
2022-05-22,7,Product G,East,93.69,17
2022-04-19,9,Product I,East,76.92,2
2022-11-09,3,Product C,East,75.21,6
2022-11-21,5,Product E,West,83.61,20
2023-04-04,9,Product I,South,81.9,18
2022-07-27,10,Product J,North,25.06,20
2023-01-15,2,Product B,West,91.08,7
2022-07-10,5,Product E,South,59.47,15
2023-01-13,6,Product F,West,35.74,13
2022-09-16,8,Product H,West,97.99,20
2022-05-29,2,Product B,West,65.55,12
2022-06-28,1,Product A,South,75.83,17
2022-05-08,1,Product A,South,59.6,20
2023-01-23,5,Product E,West,14.27,19
2022-12-03,10,Product J,South,41.74,15
2023-01-30,4,Product D,West,76.94,7
2022-11-15,1,Product A,East,48.46,7
2023-03-10,4,Product D,West,94.55,10
2022-12-25,1,Product A,South,92.95,9
2022-06-19,1,Product A,South,78.68,12
2022-08-15,7,Product G,East,76.61,2
2023-02-03,3,Product C,West,10.98,18
2022-04-28,1,Product A,West,30.88,4
2022-10-15,5,Product E,North,39.3,4
2022-09-26,4,Product D,West,30.06,19
2022-11-15,3,Product C,East,45.79,11
2022-11-18,4,Product D,West,95.42,15
2023-02-05,8,Product H,North,44.79,20
2022-12-08,8,Product H,South,13.19,9
2022-05-18,4,Product D,West,37.54,13
2023-03-16,8,Product H,South,34.7,3
2022-09-27,8,Product H,East,98.14,20
2022-11-06,9,Product I,South,88.02,20
2022-06-01,2,Product B,East,70.75,3
2023-03-17,3,Product C,East,44.11,18
2022-12-27,9,Product I,East,63.71,4
2022-10-19,6,Product F,West,11.09,11
2022-09-12,3,Product C,North,37.11,7
2023-02-27,7,Product G,South,80.39,19
2022-10-13,7,Product G,East,91.55,19
2023-03-06,6,Product F,North,36.0,5
2023-03-16,5,Product E,West,22.3,7
2023-02-09,8,Product H,West,39.31,13
2022-10-14,2,Product B,North,73.69,9
2022-07-06,9,Product I,West,55.6,7
2023-03-06,7,Product G,North,14.57,4
2022-09-01,9,Product I,West,57.35,9
2022-05-14,3,Product C,West,21.8,14
2022-06-15,1,Product A,East,88.89,8
2023-03-26,10,Product J,East,97.33,4
2022-11-15,6,Product F,North,66.8,18
2022-07-03,7,Product G,South,38.26,9
2022-08-21,3,Product C,East,82.5,12
2022-12-27,2,Product B,North,54.16,15
2022-05-29,1,Product A,North,41.27,6
2022-06-16,7,Product G,North,74.71,6
2023-04-02,4,Product D,West,72.79,14
2022-11-21,6,Product F,West,78.51,9
2022-07-13,7,Product G,South,68.04,8
2022-09-09,4,Product D,West,44.52,13
2022-11-01,7,Product G,West,38.41,5
2022-10-14,10,Product J,East,19.38,15
2022-05-04,5,Product E,South,39.98,15
2022-10-18,4,Product D,North,23.65,8
2022-06-12,1,Product A,East,63.32,3
2022-06-12,9,Product I,North,96.0,19
2022-07-13,5,Product E,South,56.21,12
2022-09-05,8,Product H,East,37.9,5
2022-07-07,1,Product A,North,35.76,11
2023-03-05,5,Product E,East,37.34,20
2022-07-22,6,Product F,South,83.97,2
2022-11-28,1,Product A,East,16.33,6
2022-10-06,7,Product G,North,60.26,5
2022-06-14,6,Product F,South,91.09,15
2022-10-04,9,Product I,North,75.31,16
2022-04-21,7,Product G,South,51.38,11
2022-08-31,1,Product A,West,51.96,12
2022-06-05,8,Product H,East,96.84,7
2022-09-26,9,Product I,East,16.24,2
2022-07-13,9,Product I,North,18.42,12
2022-07-18,6,Product F,North,11.86,7
2022-05-23,10,Product J,West,48.93,15
2022-11-03,9,Product I,South,14.72,14
2022-11-13,5,Product E,West,70.21,5
2022-06-21,6,Product F,South,68.08,8
2022-10-01,5,Product E,West,25.48,3
2023-01-08,6,Product F,East,86.84,10
2022-12-21,4,Product D,North,31.82,10
2022-08-07,10,Product J,North,85.72,5
2023-03-14,4,Product D,West,71.86,14
2022-09-10,2,Product B,South,51.93,18
2022-05-19,4,Product D,West,60.05,8
2022-08-16,3,Product C,East,50.46,7
2023-02-06,3,Product C,North,30.44,10
2022-09-24,1,Product A,West,47.39,16
2022-08-18,8,Product H,East,96.51,3
2023-03-31,4,Product D,West,95.75,7
2023-03-12,6,Product F,East,28.63,10
2023-02-02,6,Product F,West,32.1,18
2022-06-09,2,Product B,West,50.12,17
2022-09-16,6,Product F,East,44.53,6
2022-11-27,9,Product I,South,62.75,5
2022-09-29,3,Product C,North,83.93,4
2022-08-28,4,Product D,South,84.2,8
2022-12-05,9,Product I,South,20.53,17
2022-12-06,5,Product E,East,72.18,12
2022-05-02,3,Product C,North,14.77,12
2023-02-14,3,Product C,South,23.67,16
2022-05-01,9,Product I,South,21.45,15
2022-10-06,9,Product I,East,82.43,16
2022-12-29,9,Product I,South,24.95,10
2022-05-21,7,Product G,North,68.75,14
2023-03-16,7,Product G,East,78.53,16
2023-03-06,10,Product J,East,11.56,14
2022-05-09,6,Product F,East,86.48,8
2022-08-24,6,Product F,West,62.45,13
2023-02-21,4,Product D,East,81.04,10
2022-05-21,7,Product G,South,84.23,4
2022-06-02,8,Product H,West,18.55,4
2022-06-16,4,Product D,North,72.39,14
2022-08-05,1,Product A,South,38.2,7
2022-12-29,6,Product F,South,24.49,10
2022-10-26,8,Product H,West,26.68,18
2022-04-25,2,Product B,West,83.78,6
2022-12-11,7,Product G,West,27.1,8
2023-01-15,5,Product E,West,56.47,1
2022-09-20,3,Product C,South,11.34,4
2023-02-21,7,Product G,South,67.97,8
2022-06-01,10,Product J,North,81.02,20
2023-02-09,6,Product F,East,44.82,15
2022-06-27,9,Product I,South,70.95,13
2022-06-27,6,Product F,West,12.09,15
2022-08-27,8,Product H,West,37.01,17
2022-11-13,6,Product F,North,53.06,15
2022-09-29,9,Product I,North,49.51,2
2023-04-10,10,Product J,East,45.75,20
2023-01-01,1,Product A,West,23.25,9
2022-05-01,9,Product I,South,69.47,4
2023-01-07,1,Product A,East,12.07,5
2022-10-13,10,Product J,East,71.59,3
2022-06-28,2,Product B,West,86.45,14
2023-02-28,9,Product I,South,30.36,8
2022-11-29,3,Product C,South,75.6,1
2022-08-14,10,Product J,West,70.15,9
2022-08-02,5,Product E,West,64.6,1
2023-01-16,8,Product H,South,67.17,5
2022-05-01,6,Product F,South,97.88,3
2022-05-11,3,Product C,North,16.67,15
2022-10-04,8,Product H,South,89.66,11
2022-09-23,3,Product C,North,72.66,17
2022-11-22,6,Product F,East,25.45,19
2023-01-30,4,Product D,West,41.3,16
2022-08-06,5,Product E,East,74.76,4
2022-09-20,7,Product G,North,10.0,7
2022-05-17,7,Product G,West,94.2,14
2022-06-29,8,Product H,North,19.93,11
2022-08-10,3,Product C,North,34.78,18
2023-03-07,8,Product H,East,61.94,16
2022-12-06,4,Product D,East,51.12,20
2023-01-01,4,Product D,West,33.88,12
2022-11-16,10,Product J,West,95.45,11
2022-05-07,6,Product F,West,30.5,18
2022-07-09,2,Product B,East,73.75,19
2022-06-24,8,Product H,West,12.18,6
2022-11-19,5,Product E,North,55.2,10
2022-09-21,7,Product G,East,93.23,12
2022-10-12,8,Product H,West,41.52,11
2022-09-25,1,Product A,West,67.53,1
2022-12-01,3,Product C,West,28.41,15
2022-10-20,7,Product G,East,54.8,3
2022-09-18,2,Product B,North,25.47,20
2022-06-06,2,Product B,East,50.85,4
2022-04-26,1,Product A,West,90.03,10
2022-05-27,8,Product H,West,84.3,16
2022-05-10,2,Product B,North,16.46,8
2023-02-11,6,Product F,East,91.48,18
2023-03-21,7,Product G,South,14.16,5
2023-02-20,6,Product F,North,44.04,16
2022-08-04,5,Product E,East,36.87,9
2022-12-07,3,Product C,North,59.0,6
2023-03-31,3,Product C,West,33.27,14
2022-11-20,5,Product E,North,40.6,17
2022-07-10,5,Product E,East,53.91,9
2022-05-15,8,Product H,North,98.18,3
2023-03-12,1,Product A,North,18.2,11
2023-03-29,5,Product E,West,88.23,7
2022-12-17,1,Product A,North,98.62,7
2022-12-09,5,Product E,East,43.69,6
2022-06-20,2,Product B,North,92.21,8
2022-08-08,1,Product A,North,78.8,17
2022-04-24,2,Product B,West,16.19,12
2022-07-23,5,Product E,South,98.7,2
2022-04-16,2,Product B,West,77.56,18
2022-12-20,9,Product I,East,71.16,4
2022-05-25,9,Product I,East,30.88,15
2022-11-15,9,Product I,East,98.41,5
2023-04-01,6,Product F,East,20.78,15
2022-10-29,8,Product H,North,11.85,14
2022-05-08,4,Product D,South,11.03,18
2022-05-23,1,Product A,North,91.29,7
2022-08-21,8,Product H,North,20.68,7
2022-10-29,4,Product D,East,31.93,4
2022-05-03,9,Product I,East,15.92,15
2023-01-29,2,Product B,West,95.56,12
2022-04-26,5,Product E,North,33.2,8
2022-06-11,2,Product B,West,11.34,6
2022-09-15,3,Product C,West,92.72,10
2022-09-01,6,Product F,North,27.8,5
2022-12-22,2,Product B,West,15.2,14
2022-09-17,10,Product J,North,22.66,20
2022-11-19,2,Product B,South,61.99,5
2022-08-29,6,Product F,South,50.73,5
2022-11-23,2,Product B,North,23.15,6
2022-07-25,6,Product F,East,44.07,19
2023-01-15,7,Product G,East,55.21,6
2022-05-15,8,Product H,North,56.99,9
2022-06-08,5,Product E,North,70.75,1
2022-06-01,10,Product J,East,14.47,13
2022-08-28,9,Product I,South,92.18,16
2022-04-24,9,Product I,North,58.49,13
2022-09-22,1,Product A,North,64.52,4
2022-04-15,8,Product H,North,39.31,5
2022-08-28,2,Product B,South,85.89,11
2022-10-09,6,Product F,North,55.92,11
2022-06-06,8,Product H,North,36.27,4
2022-06-06,3,Product C,South,41.14,6
2022-04-28,5,Product E,West,99.88,4
2022-05-17,3,Product C,North,68.07,11
2022-07-19,1,Product A,West,49.4,15
2023-03-18,6,Product F,North,68.37,10
2022-12-06,7,Product G,East,28.65,8
2022-08-01,6,Product F,West,13.49,9
2023-03-31,6,Product F,West,12.27,6
2023-03-08,3,Product C,West,35.76,10
2022-06-24,1,Product A,North,74.44,1
2022-07-02,7,Product G,North,29.03,14
2023-01-08,10,Product J,South,22.23,9
2022-12-29,4,Product D,East,96.32,18
2022-06-16,9,Product I,East,78.22,18
2022-10-30,3,Product C,South,89.99,12
2022-05-18,10,Product J,West,52.12,20
2022-10-11,3,Product C,North,27.08,7
2023-04-09,7,Product G,South,21.74,20
2022-09-19,6,Product F,East,53.33,16
2022-12-08,5,Product E,West,26.45,17
2022-12-07,10,Product J,East,16.79,17
2023-02-21,1,Product A,South,73.21,3
2023-03-28,9,Product I,South,32.54,9
2022-09-04,2,Product B,East,76.95,3
2023-03-17,1,Product A,North,47.59,5
2023-03-09,1,Product A,East,51.03,9
2022-10-09,10,Product J,East,36.08,5
2022-12-05,10,Product J,South,44.36,3
2022-12-02,8,Product H,South,78.6,18
2023-02-27,10,Product J,North,23.02,1
2022-12-24,10,Product J,East,55.4,20
2023-03-07,1,Product A,East,16.9,9
2022-05-11,1,Product A,West,36.2,9
2022-12-10,9,Product I,South,36.13,12
2022-07-01,4,Product D,North,59.67,8
2022-06-01,4,Product D,East,84.88,20
2022-11-01,9,Product I,North,71.05,18
2023-02-15,2,Product B,East,81.1,4
2023-02-19,4,Product D,East,39.2,1
2022-05-19,6,Product F,West,63.13,20
2023-04-02,3,Product C,North,68.43,18
2023-01-26,4,Product D,South,74.81,13
2022-11-20,2,Product B,East,23.61,15
2022-12-20,10,Product J,East,54.54,5
2022-04-14,5,Product E,North,82.19,2
2022-12-19,8,Product H,West,60.83,20
2022-09-26,3,Product C,East,43.34,5
2022-11-07,5,Product E,East,39.48,12
2023-02-22,5,Product E,South,52.39,15
2023-03-19,1,Product A,North,96.43,3
2022-05-21,4,Product D,South,21.58,17
2022-09-17,10,Product J,North,37.18,9
2022-08-28,5,Product E,East,97.1,6
2022-05-05,5,Product E,South,16.79,3
2022-10-16,5,Product E,South,79.24,11
2022-12-12,4,Product D,West,58.13,8
2023-01-21,6,Product F,West,80.59,16
2023-03-02,3,Product C,West,73.7,15
2022-12-08,5,Product E,North,26.05,14
2022-09-19,8,Product H,North,75.24,17
2022-12-25,9,Product I,South,27.72,11
2022-09-16,3,Product C,East,72.24,8
2022-12-31,1,Product A,North,68.59,2
2022-11-10,6,Product F,West,78.98,7
2022-11-28,10,Product J,East,35.64,17
2022-06-26,2,Product B,South,23.2,13
2023-02-18,6,Product F,West,64.32,12
2023-04-04,6,Product F,South,22.88,14
2022-05-15,4,Product D,South,33.36,19
2023-03-07,9,Product I,West,42.33,20
2022-06-22,4,Product D,South,39.63,9
2023-02-16,8,Product H,North,41.02,2
2022-06-16,4,Product D,South,58.97,17
2022-09-03,5,Product E,North,17.55,12
2023-02-01,5,Product E,South,48.67,15
2022-07-14,1,Product A,North,10.87,15
2023-03-31,5,Product E,South,97.24,7
2022-08-18,8,Product H,South,98.17,16
2022-09-06,1,Product A,East,62.95,4
2022-10-30,1,Product A,West,12.08,15
2022-07-16,2,Product B,East,15.8,9
2022-11-03,8,Product H,East,37.38,3
2022-05-26,10,Product J,East,58.59,7
2022-08-22,8,Product H,East,67.12,8
2022-12-23,1,Product A,South,47.27,12
2023-04-05,2,Product B,North,17.69,19
2022-12-23,8,Product H,West,19.38,17
2022-12-24,5,Product E,West,95.69,6
2023-02-18,6,Product F,South,44.9,18
2022-08-02,1,Product A,North,44.88,20
2023-03-03,1,Product A,South,15.63,13
2022-04-17,9,Product I,West,15.32,1
2022-04-25,9,Product I,West,82.11,19
2022-06-10,10,Product J,West,65.14,3
2022-12-28,4,Product D,South,71.91,18
2022-12-13,2,Product B,North,19.22,19
2022-11-16,7,Product G,East,52.47,15
2022-11-19,7,Product G,South,21.02,6
2023-04-05,2,Product B,East,17.34,18
2022-12-31,9,Product I,North,26.16,17
2022-06-21,10,Product J,West,34.48,14
2022-05-12,6,Product F,East,28.2,5
2022-09-02,1,Product A,South,92.78,17
2022-07-07,3,Product C,North,49.44,6
2022-10-10,5,Product E,East,88.19,18
2023-01-26,2,Product B,South,20.99,18
2022-05-05,10,Product J,West,26.94,19
2022-11-26,9,Product I,West,99.05,19
2022-08-24,10,Product J,East,32.99,9
2023-02-08,9,Product I,West,92.51,4
2023-01-31,4,Product D,West,79.03,14
2022-10-04,5,Product E,East,86.9,11
2022-10-09,2,Product B,West,84.07,6
2022-11-25,5,Product E,North,91.88,7
2022-11-09,3,Product C,South,77.88,14
2022-07-04,10,Product J,East,19.46,11
2023-03-19,8,Product H,North,53.94,18
2022-05-25,5,Product E,West,29.26,1
2022-09-20,9,Product I,East,81.5,18
2023-01-14,8,Product H,West,80.24,2
2022-06-02,9,Product I,East,60.49,7
2022-09-06,4,Product D,North,90.23,6
2022-10-04,6,Product F,South,22.88,16
2023-04-03,7,Product G,West,71.36,1
2022-10-01,5,Product E,East,49.37,19
2022-07-28,6,Product F,North,20.68,4
2022-06-06,1,Product A,North,37.46,7
2022-07-24,3,Product C,North,43.91,14
2022-11-21,7,Product G,South,26.18,9
2022-09-09,2,Product B,West,32.1,2
2022-10-17,9,Product I,West,37.46,3
2022-04-30,3,Product C,South,95.38,12
2022-07-17,5,Product E,West,35.85,13
2022-07-17,2,Product B,West,79.96,2
2022-06-13,4,Product D,North,85.36,5
2023-03-25,3,Product C,East,49.57,13
2023-01-21,7,Product G,South,19.84,18
2023-03-03,5,Product E,North,88.15,16
2022-05-09,6,Product F,East,74.24,7
2022-12-12,2,Product B,North,12.47,17
2022-07-23,9,Product I,West,87.34,18
2023-01-01,7,Product G,West,89.77,18
2022-08-09,8,Product H,West,40.31,7
2022-12-22,3,Product C,East,66.89,3
2022-10-09,5,Product E,South,41.14,3
2022-11-02,3,Product C,West,82.64,13
2022-11-12,2,Product B,North,62.5,5
2023-02-17,8,Product H,West,24.1,15
2023-03-30,4,Product D,South,57.71,20
2022-12-20,2,Product B,North,89.05,8
2022-05-05,9,Product I,East,62.25,9
2022-10-17,6,Product F,West,76.01,8
2023-02-19,4,Product D,East,92.57,3
2022-06-26,6,Product F,West,69.35,15
2022-10-17,8,Product H,West,62.71,10
2022-11-02,7,Product G,North,88.48,7
2022-11-08,6,Product F,East,67.05,15
2022-08-11,7,Product G,South,81.22,20
2023-04-10,10,Product J,East,51.53,6
2022-05-22,6,Product F,North,90.88,11
2022-06-12,8,Product H,East,16.69,19
2022-07-03,2,Product B,West,77.48,12
2022-09-26,7,Product G,West,13.45,17
2022-09-09,1,Product A,North,36.09,3
2022-09-14,4,Product D,West,17.79,14
2022-07-06,9,Product I,West,96.83,17
2023-03-17,10,Product J,North,86.99,2
2022-05-19,4,Product D,South,88.27,1
2022-12-20,9,Product I,South,76.62,14
2023-03-07,9,Product I,North,79.91,6
2022-07-16,10,Product J,North,78.51,18
2023-02-25,3,Product C,East,18.73,7
2022-09-25,5,Product E,East,29.9,15
2023-03-16,5,Product E,North,84.58,16
2022-07-11,3,Product C,East,31.64,12
2023-03-22,10,Product J,West,97.8,4
2023-02-16,9,Product I,West,35.39,3
2022-09-26,3,Product C,East,96.57,20
2023-03-10,2,Product B,North,13.94,16
2022-11-20,8,Product H,North,27.24,11
2022-07-17,2,Product B,North,38.5,9
2022-07-28,7,Product G,West,91.05,18
